title,link,lprice,mallName,brand,maker,category1,category2
카카오프렌즈 레모나산 <b>오메가3</b> 70포 레모나 락토페린 2g 구절초 쏘팔메토,https://smartstore.naver.com/main/products/13111689143,40990,펀아이템,경남제약,경남제약,식품,건강식품
"tIkon 스포츠 셀 프로텍트 미할지크 박사 - 90캡슐 OPC, , 카르노솔산, 레스베라트롤, Q10, 글루타티온, NADH 함유 <b>오메가 3</b>, 석류, 알파 리폰산 첨가물 무첨가",https://smartstore.naver.com/main/products/13111656802,93860,유로보이 EuroBoy,,,식품,건강식품
<b>오메가 3</b> 무화과 바 8개,https://smartstore.naver.com/main/products/13111632923,55900,올리브센츄리오브키즈,,,식품,과자/베이커리
하루틴 초임계 <b>오메가3</b> 영양 건강 선물 30캡슐 X6개,https://link.gmarket.co.kr/gate/pcs?item-no=4675016681&sub-id=1003&service-code=10000003&lcd=100000068,270430,G마켓,,,식품,건강식품
건기남의 알래스카 알티지 <b>오메가3</b> 1000 1256mg x 30캡슐 1개,https://link.gmarket.co.kr/gate/pcs?item-no=4675025363&sub-id=1003&service-code=10000003&lcd=100000068,25760,G마켓,,,식품,건강식품
강아지 덴탈껌 220g 껌 <b>오메가3</b> 별모양 애견 반려견 반려동물 개 소형견 중형견 대형견 치아 관리 치석,https://link.gmarket.co.kr/gate/pcs?item-no=4675025009&sub-id=1003&service-code=10000003&lcd=100000038,24550,G마켓,,,생활/건강,반려동물
하루틴 초임계 <b>오메가3</b> 직장 여성 영양 건강 30캡슐,https://link.gmarket.co.kr/gate/pcs?item-no=4675018705&sub-id=1003&service-code=10000003&lcd=100000068,45110,G마켓,,,식품,건강식품
강아지 덴탈껌 <b>오메가3</b> 220g 애견 별모양 치아 간식 치석 제거 구취 반려동물 구강 관리 뼈다귀 건강 양치,https://link.gmarket.co.kr/gate/pcs?item-no=4675024750&sub-id=1003&service-code=10000003&lcd=100000038,24550,G마켓,,,생활/건강,반려동물
초임계 rTG <b>오메가3</b> 4개 장용성 소형캡슐 프리미엄 피쉬오일 비타민de 혈행건강,https://link.gmarket.co.kr/gate/pcs?item-no=4675050782&sub-id=1003&service-code=10000003&lcd=100000068,83800,G마켓,,,식품,건강식품
쁘띠앤 <b>오메가3</b> 530mg x 60캡슐 1개,https://link.gmarket.co.kr/gate/pcs?item-no=4675024776&sub-id=1003&service-code=10000003&lcd=100000068,44050,G마켓,,,식품,건강식품
뉴트리모어 프리미엄 식물성 초임계 알티지 <b>오메가3</b> DHA 1000 601mg x 60캡슐 1개,https://link.gmarket.co.kr/gate/pcs?item-no=4675026892&sub-id=1003&service-code=10000003&lcd=100000068,49420,G마켓,,,식품,건강식품
장용성 초임계 알티지 <b>오메가3</b> 4박스 개별포장 알작은 동물성 EPA DHA 비타민D E,https://link.gmarket.co.kr/gate/pcs?item-no=4675050733&sub-id=1003&service-code=10000003&lcd=100000068,83800,G마켓,,,식품,건강식품
장용성 초임계 알티지 <b>오메가3</b> 3박스 개별포장 알작은 동물성 EPA DHA 비타민D E,https://link.gmarket.co.kr/gate/pcs?item-no=4675050648&sub-id=1003&service-code=10000003&lcd=100000068,64300,G마켓,,,식품,건강식품
초임계 rTG <b>오메가3</b> 3개 장용성 소형캡슐 프리미엄 피쉬오일 비타민de 혈행건강,https://link.gmarket.co.kr/gate/pcs?item-no=4675050673&sub-id=1003&service-code=10000003&lcd=100000068,64300,G마켓,,,식품,건강식품
알티지 <b>오메가3</b> 1200 60캡슐,https://link.gmarket.co.kr/gate/pcs?item-no=4675017028&sub-id=1003&service-code=10000003&lcd=100000068,34490,G마켓,,,식품,건강식품
장용성 초임계 알티지 <b>오메가3</b> 6박스 개별포장 알작은 동물성 EPA DHA 비타민D E,https://link.gmarket.co.kr/gate/pcs?item-no=4675050909&sub-id=1003&service-code=10000003&lcd=100000068,121700,G마켓,,,식품,건강식품
휴온스 rGT <b>오메가3</b> 이너셋 답례 60캡슐 X10개,https://link.gmarket.co.kr/gate/pcs?item-no=4675018704&sub-id=1003&service-code=10000003&lcd=100000068,314810,G마켓,,,식품,건강식품
하루틴 초임계 <b>오메가3</b> 직장 여성 영양 건강 30캡슐,https://link.gmarket.co.kr/gate/pcs?item-no=4675018870&sub-id=1003&service-code=10000003&lcd=100000068,46370,G마켓,,,식품,건강식품
하루틴 초임계 <b>오메가3</b> 영양 건강 선물 30캡슐 X6개,https://link.gmarket.co.kr/gate/pcs?item-no=4675016449&sub-id=1003&service-code=10000003&lcd=100000068,263030,G마켓,,,식품,건강식품
고양이 육수 캔 참치 <b>오메가3</b> 밥 식욕증진,https://smartstore.naver.com/main/products/13111629013,3950,도매허브,,,생활/건강,반려동물
초임계 rTG <b>오메가3</b> 6개 장용성 소형캡슐 프리미엄 피쉬오일 비타민de 혈행건강,https://link.gmarket.co.kr/gate/pcs?item-no=4675050946&sub-id=1003&service-code=10000003&lcd=100000068,121700,G마켓,,,식품,건강식품
휴온스 알티지 <b>오메가3</b> 이너셋 60캡슐 X2개,https://link.gmarket.co.kr/gate/pcs?item-no=4675018779&sub-id=1003&service-code=10000003&lcd=100000068,63000,G마켓,,,식품,건강식품
휴온스 알티지 <b>오메가3</b> 이너셋 60캡슐 X2개,https://link.gmarket.co.kr/gate/pcs?item-no=4675018953&sub-id=1003&service-code=10000003&lcd=100000068,64770,G마켓,,,식품,건강식품
휴온스 rGT <b>오메가3</b> 이너셋 답례 60캡슐 X10개,https://link.gmarket.co.kr/gate/pcs?item-no=4675018545&sub-id=1003&service-code=10000003&lcd=100000068,306190,G마켓,,,식품,건강식품
장용성 초임계 알티지 <b>오메가3</b> 2박스 개별포장 알작은 동물성 EPA DHA 비타민D E,https://link.gmarket.co.kr/gate/pcs?item-no=4675050576&sub-id=1003&service-code=10000003&lcd=100000068,44300,G마켓,,,식품,건강식품
장용성 초임계 알티지 <b>오메가3</b> 5박스 개별포장 알작은 동물성 EPA DHA 비타민D E,https://link.gmarket.co.kr/gate/pcs?item-no=4675050822&sub-id=1003&service-code=10000003&lcd=100000068,103000,G마켓,,,식품,건강식품
초임계 rTG <b>오메가3</b> 5개 장용성 소형캡슐 프리미엄 피쉬오일 비타민de 혈행건강,https://link.gmarket.co.kr/gate/pcs?item-no=4675050862&sub-id=1003&service-code=10000003&lcd=100000068,103000,G마켓,,,식품,건강식품
초임계 rTG <b>오메가3</b> 2개 장용성 소형캡슐 프리미엄 피쉬오일 비타민de 혈행건강,https://link.gmarket.co.kr/gate/pcs?item-no=4675050587&sub-id=1003&service-code=10000003&lcd=100000068,44300,G마켓,,,식품,건강식품
비건 <b>오메가3</b> 알게오일 1000mg DHA 300mg EPA 150mg 비타민D3 K2 6,https://smartstore.naver.com/main/products/13111586259,41100,아비트라,,,식품,건강식품
메가푸드 <b>오메가3</b> 피쉬오일 1200mg EPA DHA 무취 레몬향 90소프트젤,https://smartstore.naver.com/main/products/13111584993,50300,아비트라,,,식품,건강식품
네이처 메이드 남성용 멀티비타민 <b>오메가3</b> 구미 80개 40일분,https://smartstore.naver.com/main/products/13111583547,12200,아비트라,네이처메이드,,식품,건강식품
2팩 비건 <b>오메가3</b> 구미 1000mg 식물성 DHA 460mg EPA 230mg 비타민 A,https://smartstore.naver.com/main/products/13111582980,39600,아비트라,,,식품,건강식품
<b>오메가3</b> DHA EPA 구미 오렌지맛 120개,https://smartstore.naver.com/main/products/13111582645,30200,아비트라,,,식품,건강식품
<b>오메가3</b> 구미 해조류 DHA 640mg EPA 290mg 코큐텐 아스타잔틴 비타민A E D,https://smartstore.naver.com/main/products/13111582125,74200,아비트라,,,식품,건강식품
뉴챕터 오메가-3 야생 알래스카 연어 1000mg 소프트젤 30개,https://smartstore.naver.com/main/products/13111579650,14800,아비트라,뉴챕터,뉴챕터,식품,건강식품
라이프익스텐션 <b>오메가3</b> EPA DHA 피쉬오일 세사미 리그난 올리브 추출물 크릴 아스타잔틴,https://smartstore.naver.com/main/products/13111578546,48400,아비트라,라이프익스텐션,라이프익스텐션,식품,건강식품
노르산 피스크 <b>오메가3</b> 키즈 구미 900mg 45개 무설탕,https://smartstore.naver.com/main/products/13111578023,37700,아비트라,,,식품,건강식품
대구 간유 <b>오메가3</b> 구미 1000mg EPA DHA 비타민 A D3 K2 무설탕 오렌지맛,https://smartstore.naver.com/main/products/13111577523,54800,아비트라,,,식품,건강식품
네이처스 비타민 <b>오메가3</b> 피쉬오일 DHA EPA 오렌지향 젤리 120개,https://smartstore.naver.com/main/products/13111575634,29800,아비트라,,,식품,건강식품
노르딕 내추럴스 <b>오메가3</b> EPA DHA 124mg 구미 탠저린 30개,https://smartstore.naver.com/main/products/13111575073,44400,아비트라,노르딕내추럴스,노르딕내추럴스,식품,건강식품
자연산 무설탕 피쉬오일 <b>오메가3</b> 구미 1500mg EPA DHA 코큐텐 홍국 120개,https://smartstore.naver.com/main/products/13111574688,54800,아비트라,,,식품,건강식품
노르딕 내추럴스 컴플리트 오메가 엑스트라 <b>오메가3</b> 1360mg GLA 76mg 60 소프트,https://smartstore.naver.com/main/products/13111574057,43100,아비트라,노르딕내추럴스,노르딕내추럴스,식품,건강식품
<b>오메가3</b> 피쉬 오일 구미 DHA EPA 오렌지 맛 60구미,https://smartstore.naver.com/main/products/13111573155,15000,아비트라,,네이쳐스초이스,식품,건강식품
마그네슘 글리시네이트 컴플렉스 구미 <b>오메가3</b> B6 D3 어린이 성인 딸기맛,https://smartstore.naver.com/main/products/13111572630,27400,아비트라,,,식품,건강식품
비건 <b>오메가3</b> 구미 1000mg (EPA 600mg DHA 400mg) 코큐텐 마그네슘 무,https://smartstore.naver.com/main/products/13111572032,43400,아비트라,,,식품,건강식품
와일리스 파이니스트 와일드 알래스카 피쉬 오일 <b>오메가3</b> EPA DHA 630mg 120 미,https://smartstore.naver.com/main/products/13111571327,40200,아비트라,,,식품,건강식품
센트럼 멀티구미 멀티플러스 <b>오메가3</b> 성인 110개,https://smartstore.naver.com/main/products/13111571049,15300,아비트라,센트룸,센트룸,식품,건강식품
"2팩 비건 <b>오메가3</b> 구미 1000mg 코큐텐 비타민D3,E,C DHA 550mg EPA 2",https://smartstore.naver.com/main/products/13111570477,48300,아비트라,,,식품,건강식품
스포츠리서치 <b>오메가3</b> 피쉬오일 알래스카 폴락 4685mg 액상 레몬맛 48회분,https://smartstore.naver.com/main/products/13111569846,62200,아비트라,스포츠리서치,스포츠리서치,식품,건강식품
바린스 어린이 액상 피쉬오일 <b>오메가3</b> EPA DHA 540mg 레모네이드 8oz,https://smartstore.naver.com/main/products/13111569415,21800,아비트라,,발린스,식품,건강식품
노르딕 내추럴스 <b>오메가3</b> 피쉬오일 미니 1120mg 60소프트젤 딸기맛,https://smartstore.naver.com/main/products/13111568555,45300,아비트라,노르딕내추럴스,노르딕내추럴스,식품,건강식품
노르딕 내추럴스 <b>오메가3</b> 구미 귤 120개 총 <b>오메가3</b> 82mg (EPA DHA) 60회분,https://smartstore.naver.com/main/products/13111567761,50700,아비트라,노르딕내추럴스,노르딕내추럴스,식품,건강식품
고조이 식물성 해조류 <b>오메가3</b> DHA 구미 무설탕 비건 어린이용,https://smartstore.naver.com/main/products/13111567315,28900,아비트라,,,식품,건강식품
산니티 오메가-3 액상 EPA 비타민 A D3 노르웨이산 멸치 정어리 8.45 fl. oz,https://smartstore.naver.com/main/products/13111566670,38100,아비트라,,,식품,건강식품
노르딕 내추럴스 어린이 DHA 스트로베리 120 미니 츄어블 소프트젤 250mg 오메가-3,https://smartstore.naver.com/main/products/13111565638,27900,아비트라,노르딕내추럴스,노르딕내추럴스,식품,건강식품
노르딕 내추럴스 오메가 2X 틴 1120mg 오메가-3 EPA DHA 60 미니 소프트젤,https://smartstore.naver.com/main/products/13111565329,46900,아비트라,노르딕내추럴스,노르딕내추럴스,식품,건강식품
+-- +Name: Aiden (also known as the AI Dungeon Ma,https://smartstore.naver.com/main/products/13111564726,36600,아비트라,,,식품,건강식품
노르딕 내추럴스 DHA 엑스트라 <b>오메가3</b> EPA DHA 636mg 키즈 츄어블 소프트젤 9,https://smartstore.naver.com/main/products/13111564075,29200,아비트라,노르딕내추럴스,노르딕내추럴스,식품,건강식품
노르딕 내추럴스 어린이 DHA <b>오메가3</b> 250mg 90 미니 츄어블 딸기,https://smartstore.naver.com/main/products/13111563245,22800,아비트라,노르딕내추럴스,노르딕내추럴스,식품,건강식품
Wellness Resources DHA Kids - Sugar Free <b>Omega 3</b> f,https://smartstore.naver.com/main/products/13111562426,30500,아비트라,,,식품,건강식품
노르딕내추럴스 어린이 DHA 엑스트라 880mg <b>오메가3</b> EPA DHA 2oz 48회 베리,https://smartstore.naver.com/main/products/13111561848,40600,아비트라,노르딕내추럴스,노르딕내추럴스,식품,건강식품
네이처스웨이 알지오일 <b>오메가3</b> 1000mg EPA/DHA 비건 액상 크랜베리 오렌지맛 6.,https://smartstore.naver.com/main/products/13111560766,52500,아비트라,네이쳐스웨이,네이쳐스웨이,식품,건강식품
바이오틱스 리서치 바이<b>오메가 3</b> 리퀴드 고농축 <b>오메가3</b> EPA DHA 2490mg DHA,https://smartstore.naver.com/main/products/13111560378,97200,아비트라,,,식품,건강식품
칼슨 노르웨이 피쉬 오일 <b>오메가3</b> 1600mg 액상 레몬 500mL,https://smartstore.naver.com/main/products/13111559956,90500,아비트라,,,식품,건강식품
맥시 헬스 어린이 <b>오메가3</b> 액상 피쉬오일 DHA EPA 8oz,https://smartstore.naver.com/main/products/13111558511,37300,아비트라,,,식품,건강식품
"칼슨 <b>오메가3</b> 2,700mg 레몬라임 100mL",https://smartstore.naver.com/main/products/13111557683,51700,아비트라,,,식품,건강식품
파이핑락 <b>오메가3</b> 1370mg 피쉬오일 리퀴드 레몬 16 Fl Oz,https://smartstore.naver.com/main/products/13111556788,26700,아비트라,,,식품,건강식품
"바린스 비건 <b>오메가 3</b> 6 9 아마씨 오일 2,968mg ALA 지방산 액상 딸기 바나나",https://smartstore.naver.com/main/products/13111553687,34200,아비트라,,발린스,식품,건강식품
라이프에이블 어린이 <b>오메가3</b> 구미 비건 DHA 식물성 아마씨유 60구미,https://smartstore.naver.com/main/products/13111553052,22900,아비트라,,,식품,건강식품
네이처메이드 어린이 멀티비타민 <b>오메가3</b> 구미 70구미,https://smartstore.naver.com/main/products/13111552534,13400,아비트라,네이처메이드,,식품,건강식품
"바린스 <b>오메가 3</b> 6 9 리퀴드 피쉬오일 보라지유 아마씨유 오렌지 2,400mg 16oz",https://smartstore.naver.com/main/products/13111551105,47200,아비트라,,발린스,식품,건강식품
커버쓰리 <b>오메가3</b> 액상 어린이 DHA 피쉬오일 스무디 20개 파우치,https://smartstore.naver.com/main/products/13111550549,85300,아비트라,,,식품,건강식품
비타민 D3 K2 5000IU 드롭스 MCT 오일 <b>오메가3</b> 2팩,https://smartstore.naver.com/main/products/13111549323,34900,아비트라,,,식품,건강식품
노르딕 내추럴스 <b>오메가3</b> DHA 루테인 제아잔틴 어린이 484mg 30구미,https://smartstore.naver.com/main/products/13111548699,35500,아비트라,노르딕내추럴스,노르딕내추럴스,식품,건강식품
비미 액상 <b>오메가3</b> EPAX 강황 커큐민 레몬밤 추출물,https://smartstore.naver.com/main/products/13111547716,20600,아비트라,비메,,식품,건강식품
"바린스 오메가 팔스 키즈 <b>오메가3</b> 아마씨 오일 액상 1,483mg ALA 스트로-바나나 비",https://smartstore.naver.com/main/products/13111546853,18100,아비트라,,발린스,식품,건강식품
어린이 <b>오메가3</b> 고함량 DHA 구미 무설탕 30개,https://smartstore.naver.com/main/products/13111546166,39600,아비트라,,,식품,건강식품
다이켄 어린이 오메가-3 구미 300mg DHA EPA 비타민D3 무설탕 30개,https://smartstore.naver.com/main/products/13111545578,27400,아비트라,,,식품,건강식품
[NS홈쇼핑]내츄럴플러스 초알루 저온 초임계 알티지 <b>오메가3</b> 루테인 지아잔틴 24 1박스..[31733001],https://www.11st.co.kr/connect/Gateway.tmall?method=Xsite&prdNo=5370961757&tid=1000000061,15840,11번가,,,식품,건강식품
아이위 <b>오메가3</b> 식물성 비건 해조류 DHA 60 소프트젤,https://smartstore.naver.com/main/products/13111545019,32000,아비트라,,,식품,건강식품
네이처드림 혈행에 좋은 초임계 알티지<b>오메가3</b> 1006mg x 30캡슐 3박스 선물세트+쇼,https://www.11st.co.kr/connect/Gateway.tmall?method=Xsite&prdNo=8298683714&tid=1000000061,52090,11번가,네이처드림,,식품,건강식품
야마칸 새싹보리 분말 <b>오메가3</b> 치아씨드 멀티비타민 스피루리나 일본 36개 포,https://smartstore.naver.com/main/products/13111544518,32500,아비트라,,,식품,건강식품
"[아마존 공식]Wild Caught 오메가-3 DPA 피쉬 오일 - 2900mg, DPA, EPA 및 DHA 함유 - 소프트젤 90개 - 삼중 강도 트림 프리",https://www.11st.co.kr/connect/Gateway.tmall?method=Xsite&prdNo=6030142182&tid=1000000061,29810,11번가,,,식품,건강식품
돈스텔 기억력개선 알티지 <b>오메가3</b> 1000 900MG X 60캡슐 수험생<b>오메가3</b> 직장인영양제 눈건강,https://www.11st.co.kr/connect/Gateway.tmall?method=Xsite&prdNo=9111673962&tid=1000000061,27660,11번가,,,식품,건강식품
돈스텔 고함량 알티지 <b>오메가3</b> 비타민e 1330mg x 60캡슐 눈건강 기억력개선,https://www.11st.co.kr/connect/Gateway.tmall?method=Xsite&prdNo=9111660157&tid=1000000061,43360,11번가,,,식품,건강식품
돈스텔 루테인 알티지 <b>오메가3</b> 프리미엄 1000MGX30캡슐 EPA 눈건조 류테인,https://www.11st.co.kr/connect/Gateway.tmall?method=Xsite&prdNo=9111659237&tid=1000000061,16950,11번가,,,식품,건강식품
돈스텔 알티지 <b>오메가3</b> 에이드 816.5mgx60캡슐 비타민A 비타민D,https://www.11st.co.kr/connect/Gateway.tmall?method=Xsite&prdNo=9111653177&tid=1000000061,30330,11번가,,,식품,건강식품
런칭기념 종근당건강 프로메가 알티지 <b>오메가3</b> 듀얼 60캡슐 4개,https://www.11st.co.kr/connect/Gateway.tmall?method=Xsite&prdNo=8341086718&tid=1000000061,61920,11번가,,,식품,건강식품
돈스텔 오메가 루테인 1050mg x 30캡슐 DHA<b>오메가3</b>,https://www.11st.co.kr/connect/Gateway.tmall?method=Xsite&prdNo=9111660021&tid=1000000061,19630,11번가,,,식품,건강식품
[하프클럽/네이처드림]네이처드림 혈행에 좋은 초임계 알티지<b>오메가3</b> 1006mg x 30캡슐 4박스,https://www.11st.co.kr/connect/Gateway.tmall?method=Xsite&prdNo=5674105831&tid=1000000061,69460,11번가,네이처드림,,식품,건강식품
돈스텔 장용성 초임계 알티지 <b>오메가3</b> 눈건강 여자<b>오메가3</b> 칼슘부족,https://www.11st.co.kr/connect/Gateway.tmall?method=Xsite&prdNo=9111672823&tid=1000000061,25870,11번가,,,식품,건강식품
"돈스텔 슈프림 오메가-3 맥스 1100 1,210MG X 180캡슐 혈중중성지질개선 기억력개선 대용량",https://www.11st.co.kr/connect/Gateway.tmall?method=Xsite&prdNo=9111662429&tid=1000000061,52630,11번가,,,식품,건강식품
돈스텔 알티지 <b>오메가3</b> 1270MG X 60캡슐 기억력개선 EPA 프리미엄<b>오메가3</b>,https://www.11st.co.kr/connect/Gateway.tmall?method=Xsite&prdNo=9111650733&tid=1000000061,58520,11번가,,,식품,건강식품
Pregnaforte 1 a day 여성용 임산부 비타민 2개월: 엽산 피쉬 오일 <b>오메가 3</b> DHA/EPA D3 B6 Vitmain B1,https://link.auction.co.kr/gate/pcs?item-no=F483034707&sub-id=1&service-code=10000003,76440,옥션,,,식품,건강식품
장용성 초임계 알티지 <b>오메가3</b> 2박스 개별포장 알작은 동물성 EPA DHA 비타민D E,https://link.auction.co.kr/gate/pcs?item-no=F483047866&sub-id=1&service-code=10000003,44300,옥션,,,식품,건강식품
[하프클럽/네이처드림]네이처드림 혈행에 좋은 초임계 알티지<b>오메가3</b> 1006mg x 30캡슐 2박스,https://www.11st.co.kr/connect/Gateway.tmall?method=Xsite&prdNo=8298683530&tid=1000000061,34730,11번가,네이처드림,,식품,건강식품
초임계 rTG <b>오메가3</b> 3개 장용성 소형캡슐 프리미엄 피쉬오일 비타민de 혈행건강,https://link.auction.co.kr/gate/pcs?item-no=F483047934&sub-id=1&service-code=10000003,64300,옥션,,,식품,건강식품
레몬맛 <b>오메가3</b> 베타카로틴 패밀리 건강식품 토코페롤 120정 1개,https://link.coupang.com/re/PCSNAVERPCSDP?pageKey=9376166456&ctag=9376166456&lptag=P9376166456&itemId=27832221740&vendorItemId=94791780569&spec=10305199,71000,쿠팡,,,식품,건강식품
알래스카 <b>오메가3</b> 알티지 고함량 EPA DHA 함유 심혈관 건강 유지 영양제 60정 2개,https://link.coupang.com/re/PCSNAVERPCSDP?pageKey=9376166051&ctag=9376166051&lptag=P9376166051&itemId=27832220257&vendorItemId=94791778934&spec=10305199,86000,쿠팡,알래스카,,식품,건강식품
프라임 장용성 저온 <b>오메가3</b> 고효능 혈중 중성지방 개선 도움 건강식품 60정 1개,https://link.coupang.com/re/PCSNAVERPCSDP?pageKey=9376163147&ctag=9376163147&lptag=P9376163147&itemId=27832210510&vendorItemId=94791769125&spec=10305199,30900,쿠팡,프라임,,식품,건강식품
